MSE,MAE,R2,RMSE,SUBSET
24.4976,3.1888,-0.31163763102498376,4.949505025757626,TRAIN
19.366666666666667,3.1,-0.051013024602025725,4.400757510550504,TEST
