MSE,MAE,R2,RMSE,SUBSET
12.65728054903166,2.527105175309079,0.32231053349917993,3.557707203949147,TRAIN
12.39821616473102,2.5707916107470536,0.32715903592270146,3.521110075633964,TEST
