MSE,MAE,R2,RMSE,SUBSET
26.9952,3.3632,-0.4453628182779392,5.1956905219614455,TRAIN
21.733333333333334,3.466666666666667,-0.17945007235889965,4.661902329879224,TEST
