MSE,MAE,R2,RMSE,SUBSET
12.905338930906431,2.617148699755984,0.30902912191771403,3.592400162969937,TRAIN
11.651966382702028,2.371881785375919,0.3676573960183417,3.4134976758014686,TEST
