MSE,MAE,R2,RMSE,SUBSET
13.44615372480913,2.690658074756076,0.28007310030344157,3.666899742944867,TRAIN
12.900768261738428,2.639802832135524,0.29988594816904357,3.5917639484991812,TEST
